Date,Transaction ID,Account ID,Direction,Bank Amount,Net Withdrawal Effect,Cumulative Net Withdrawals,Category,Expense Group,Description
2025-01-02,Chase6611_Activity_20260220.CSV:1104,Chase6611_Activity_20260220,Business -> ...0273,-600.00,600.00,600.00,Transfer,Other,Online Transfer to CHK ...0273 transaction#: 23255674395 01/02
2025-01-06,Chase6611_Activity_20260220.CSV:1098,Chase6611_Activity_20260220,Business -> ...0273,-500.00,500.00,1100.00,Transfer,Other,Online Transfer to CHK ...0273 transaction#: 23289188041 01/06
2025-01-10,Chase6611_Activity_20260220.CSV:1092,Chase6611_Activity_20260220,Business -> ...0273,-300.00,300.00,1400.00,Transfer,Other,Online Transfer to CHK ...0273 transaction#: 23350422417 01/10
2025-01-10,Chase6611_Activity_20260220.CSV:1096,Chase6611_Activity_20260220,...0273 -> Business,1200.00,-1200.00,200.00,Transfer,Other,Online Transfer from CHK ...0273 transaction#: 23340585427
2025-01-17,Chase6611_Activity_20260220.CSV:1084,Chase6611_Activity_20260220,Business -> ...0273,-150.00,150.00,350.00,Transfer,Other,Online Transfer to CHK ...0273 transaction#: 23417994159 01/17
2025-01-21,Chase6611_Activity_20260220.CSV:1083,Chase6611_Activity_20260220,...0273 -> Business,100.00,-100.00,250.00,Transfer,Other,Online Transfer from CHK ...0273 transaction#: 23449335998
2025-01-23,Chase6611_Activity_20260220.CSV:1079,Chase6611_Activity_20260220,...0273 -> Business,100.00,-100.00,150.00,Transfer,Other,Online Transfer from CHK ...0273 transaction#: 23474282782
2025-01-24,Chase6611_Activity_20260220.CSV:1078,Chase6611_Activity_20260220,...0273 -> Business,1900.00,-1900.00,-1750.00,Transfer,Other,Online Transfer from CHK ...0273 transaction#: 23485639163
2025-01-27,Chase6611_Activity_20260220.CSV:1074,Chase6611_Activity_20260220,Business -> ...0273,-15000.00,15000.00,13250.00,Transfer,Other,Online Transfer to CHK ...0273 transaction#: 23517169705 01/27
2025-01-27,Chase6611_Activity_20260220.CSV:1075,Chase6611_Activity_20260220,Business -> ...0273,-2000.00,2000.00,15250.00,Transfer,Other,Online Transfer to CHK ...0273 transaction#: 23516426271 01/27
2025-01-28,Chase6611_Activity_20260220.CSV:1072,Chase6611_Activity_20260220,...0273 -> Business,3200.00,-3200.00,12050.00,Transfer,Other,Online Transfer from CHK ...0273 transaction#: 23526080863
2025-01-28,Chase6611_Activity_20260220.CSV:1073,Chase6611_Activity_20260220,...0273 -> Business,8000.00,-8000.00,4050.00,Transfer,Other,Online Transfer from CHK ...0273 transaction#: 23526093549
2025-01-31,Chase6611_Activity_20260220.CSV:1056,Chase6611_Activity_20260220,Business -> ...0273,-60.00,60.00,4110.00,Transfer,Other,Online Transfer to CHK ...0273 transaction#: 23565301881 01/31
2025-01-31,Chase6611_Activity_20260220.CSV:1057,Chase6611_Activity_20260220,Business -> ...0273,-200.00,200.00,4310.00,Transfer,Other,Online Transfer to CHK ...0273 transaction#: 23556495065 01/31
2025-01-31,Chase6611_Activity_20260220.CSV:1058,Chase6611_Activity_20260220,Business -> ...0273,-500.00,500.00,4810.00,Transfer,Other,Online Transfer to CHK ...0273 transaction#: 23556474205 01/31
2025-02-03,Chase6611_Activity_20260220.CSV:1053,Chase6611_Activity_20260220,...0273 -> Business,100.00,-100.00,4710.00,Transfer,Other,Online Transfer from CHK ...0273 transaction#: 23602063385
2025-02-03,Chase6611_Activity_20260220.CSV:1054,Chase6611_Activity_20260220,...0273 -> Business,100.00,-100.00,4610.00,Transfer,Other,Online Transfer from CHK ...0273 transaction#: 23599343222
2025-02-06,Chase6611_Activity_20260220.CSV:1049,Chase6611_Activity_20260220,Business -> ...0273,-80.00,80.00,4690.00,Transfer,Other,Online Transfer to CHK ...0273 transaction#: 23639252381 02/06
2025-02-07,Chase6611_Activity_20260220.CSV:1045,Chase6611_Activity_20260220,Business -> ...0273,-80.00,80.00,4770.00,Transfer,Other,Online Transfer to CHK ...0273 transaction#: 23654447749 02/07
2025-02-07,Chase6611_Activity_20260220.CSV:1046,Chase6611_Activity_20260220,Business -> ...0273,-100.00,100.00,4870.00,Transfer,Other,Online Transfer to CHK ...0273 transaction#: 23650986177 02/07
2025-02-07,Chase6611_Activity_20260220.CSV:1048,Chase6611_Activity_20260220,...0273 -> Business,2100.00,-2100.00,2770.00,Transfer,Other,Online Transfer from CHK ...0273 transaction#: 23645957199
2025-02-10,Chase6611_Activity_20260220.CSV:1044,Chase6611_Activity_20260220,...0273 -> Business,20.00,-20.00,2750.00,Transfer,Other,Online Transfer from CHK ...0273 transaction#: 23677977332
2025-02-14,Chase6611_Activity_20260220.CSV:1042,Chase6611_Activity_20260220,...0273 -> Business,400.00,-400.00,2350.00,Transfer,Other,Online Transfer from CHK ...0273 transaction#: 23723315998
2025-02-19,Chase6611_Activity_20260220.CSV:1038,Chase6611_Activity_20260220,...0273 -> Business,100.00,-100.00,2250.00,Transfer,Other,Online Transfer from CHK ...0273 transaction#: 23774962093
2025-02-19,Chase6611_Activity_20260220.CSV:1039,Chase6611_Activity_20260220,...0273 -> Business,100.00,-100.00,2150.00,Transfer,Other,Online Transfer from CHK ...0273 transaction#: 23774861149
2025-02-20,Chase6611_Activity_20260220.CSV:1035,Chase6611_Activity_20260220,Business -> ...0273,-50.00,50.00,2200.00,Transfer,Other,Online Transfer to CHK ...0273 transaction#: 23788094204 02/20
2025-02-21,Chase6611_Activity_20260220.CSV:1030,Chase6611_Activity_20260220,Business -> ...0273,-80.00,80.00,2280.00,Transfer,Other,Online Transfer to CHK ...0273 transaction#: 23802377251 02/21
2025-02-21,Chase6611_Activity_20260220.CSV:1033,Chase6611_Activity_20260220,...0273 -> Business,20.00,-20.00,2260.00,Transfer,Other,Online Transfer from CHK ...0273 transaction#: 23797564335
2025-02-21,Chase6611_Activity_20260220.CSV:1034,Chase6611_Activity_20260220,...0273 -> Business,2025.00,-2025.00,235.00,Transfer,Other,Online Transfer from CHK ...0273 transaction#: 23797830348
2025-02-26,Chase6611_Activity_20260220.CSV:1025,Chase6611_Activity_20260220,Business -> ...0273,-4000.00,4000.00,4235.00,Transfer,Other,Online Transfer to CHK ...0273 transaction#: 23856768816 02/26
2025-02-26,Chase6611_Activity_20260220.CSV:1028,Chase6611_Activity_20260220,Business -> ...0273,-500.00,500.00,4735.00,Transfer,Other,Online Transfer to CHK ...0273 transaction#: 23853578929 02/26
2025-02-27,Chase6611_Activity_20260220.CSV:1022,Chase6611_Activity_20260220,Business -> ...0273,-1000.00,1000.00,5735.00,Transfer,Other,Online Transfer to CHK ...0273 transaction#: 23869680768 02/27
2025-02-28,Chase6611_Activity_20260220.CSV:1020,Chase6611_Activity_20260220,Business -> ...0273,-1000.00,1000.00,6735.00,Transfer,Other,Online Transfer to CHK ...0273 transaction#: 23875395911 02/28
2025-03-03,Chase6611_Activity_20260220.CSV:1013,Chase6611_Activity_20260220,Business -> ...0273,-1000.00,1000.00,7735.00,Transfer,Other,Online Transfer to CHK ...0273 transaction#: 23927276026 03/03
2025-03-03,Chase6611_Activity_20260220.CSV:1015,Chase6611_Activity_20260220,Business -> ...0273,-500.00,500.00,8235.00,Transfer,Other,Online Transfer to CHK ...0273 transaction#: 23916099408 03/03
2025-03-05,Chase6611_Activity_20260220.CSV:1012,Chase6611_Activity_20260220,Business -> ...0273,-1000.00,1000.00,9235.00,Transfer,Other,Online Transfer to CHK ...0273 transaction#: 23951369842 03/05
2025-03-06,Chase6611_Activity_20260220.CSV:1010,Chase6611_Activity_20260220,Business -> ...0273,-800.00,800.00,10035.00,Transfer,Other,Online Transfer to CHK ...0273 transaction#: 23962564681 03/06
2025-03-06,Chase6611_Activity_20260220.CSV:1011,Chase6611_Activity_20260220,Business -> ...0273,-1000.00,1000.00,11035.00,Transfer,Other,Online Transfer to CHK ...0273 transaction#: 23959660704 03/06
2025-03-07,Chase6611_Activity_20260220.CSV:1005,Chase6611_Activity_20260220,Business -> ...0273,-200.00,200.00,11235.00,Transfer,Other,Online Transfer to CHK ...0273 transaction#: 23982810218 03/07
2025-03-07,Chase6611_Activity_20260220.CSV:1006,Chase6611_Activity_20260220,Business -> ...0273,-300.00,300.00,11535.00,Transfer,Other,Online Transfer to CHK ...0273 transaction#: 23982581463 03/07
2025-03-07,Chase6611_Activity_20260220.CSV:1008,Chase6611_Activity_20260220,...0273 -> Business,400.00,-400.00,11135.00,Transfer,Other,Online Transfer from CHK ...0273 transaction#: 23971335017
2025-03-07,Chase6611_Activity_20260220.CSV:1009,Chase6611_Activity_20260220,...0273 -> Business,1900.00,-1900.00,9235.00,Transfer,Other,Online Transfer from CHK ...0273 transaction#: 23968952308
2025-03-10,Chase6611_Activity_20260220.CSV:1004,Chase6611_Activity_20260220,...0273 -> Business,200.00,-200.00,9035.00,Transfer,Other,Online Transfer from CHK ...0273 transaction#: 23998581871
2025-03-13,Chase6611_Activity_20260220.CSV:1002,Chase6611_Activity_20260220,...0273 -> Business,800.00,-800.00,8235.00,Transfer,Other,Online Transfer from CHK ...0273 transaction#: 24040302958
2025-03-18,Chase6611_Activity_20260220.CSV:993,Chase6611_Activity_20260220,Business -> ...0273,-100.00,100.00,8335.00,Transfer,Other,Online Transfer to CHK ...0273 transaction#: 24094272496 03/18
2025-03-19,Chase6611_Activity_20260220.CSV:992,Chase6611_Activity_20260220,Business -> ...0273,-300.00,300.00,8635.00,Transfer,Other,Online Transfer to CHK ...0273 transaction#: 24104429905 03/19
2025-03-20,Chase6611_Activity_20260220.CSV:989,Chase6611_Activity_20260220,Business -> ...0273,-12000.00,12000.00,20635.00,Transfer,Other,Online Transfer to CHK ...0273 transaction#: 24115101823 03/20
2025-03-21,Chase6611_Activity_20260220.CSV:988,Chase6611_Activity_20260220,...0273 -> Business,3000.00,-3000.00,17635.00,Transfer,Other,Online Transfer from CHK ...0273 transaction#: 24137068789
2025-03-25,Chase6611_Activity_20260220.CSV:981,Chase6611_Activity_20260220,...0273 -> Business,650.00,-650.00,16985.00,Transfer,Other,Online Transfer from CHK ...0273 transaction#: 24172912231
2025-03-26,Chase6611_Activity_20260220.CSV:979,Chase6611_Activity_20260220,Business -> ...0273,-500.00,500.00,17485.00,Transfer,Other,Online Transfer to CHK ...0273 transaction#: 24185086881 03/26
2025-03-27,Chase6611_Activity_20260220.CSV:978,Chase6611_Activity_20260220,...0273 -> Business,700.00,-700.00,16785.00,Transfer,Other,Online Transfer from CHK ...0273 transaction#: 24191051496
2025-03-28,Chase6611_Activity_20260220.CSV:976,Chase6611_Activity_20260220,...0273 -> Business,1000.00,-1000.00,15785.00,Transfer,Other,Online Transfer from CHK ...0273 transaction#: 24203616101
2025-04-07,Chase6611_Activity_20260220.CSV:968,Chase6611_Activity_20260220,...0273 -> Business,2500.00,-2500.00,13285.00,Transfer,Other,Online Transfer from CHK ...0273 transaction#: 24328930213
2025-04-08,Chase6611_Activity_20260220.CSV:965,Chase6611_Activity_20260220,Business -> ...0273,-200.00,200.00,13485.00,Transfer,Other,Online Transfer to CHK ...0273 transaction#: 24344100110 04/08
2025-04-10,Chase6611_Activity_20260220.CSV:963,Chase6611_Activity_20260220,...0273 -> Business,200.00,-200.00,13285.00,Transfer,Other,Online Transfer from CHK ...0273 transaction#: 24362813711
2025-04-11,Chase6611_Activity_20260220.CSV:962,Chase6611_Activity_20260220,...0273 -> Business,850.00,-850.00,12435.00,Transfer,Other,Online Transfer from CHK ...0273 transaction#: 24374538413
2025-04-15,Chase6611_Activity_20260220.CSV:958,Chase6611_Activity_20260220,Business -> ...0273,-120.00,120.00,12555.00,Transfer,Other,Online Transfer to CHK ...0273 transaction#: 24423874546 04/15
2025-04-15,Chase6611_Activity_20260220.CSV:960,Chase6611_Activity_20260220,...0273 -> Business,200.00,-200.00,12355.00,Transfer,Other,Online Transfer from CHK ...0273 transaction#: 24421241369
2025-04-16,Chase6611_Activity_20260220.CSV:956,Chase6611_Activity_20260220,Business -> ...0273,-50.00,50.00,12405.00,Transfer,Other,Online Transfer to CHK ...0273 transaction#: 24436769426 04/16
2025-04-17,Chase6611_Activity_20260220.CSV:954,Chase6611_Activity_20260220,...0273 -> Business,600.00,-600.00,11805.00,Transfer,Other,Online Transfer from CHK ...0273 transaction#: 24443230075
2025-04-18,Chase6611_Activity_20260220.CSV:947,Chase6611_Activity_20260220,...0273 -> Business,100.00,-100.00,11705.00,Transfer,Other,Online Transfer from CHK ...0273 transaction#: 24455073400
2025-04-18,Chase6611_Activity_20260220.CSV:948,Chase6611_Activity_20260220,...0273 -> Business,2100.00,-2100.00,9605.00,Transfer,Other,Online Transfer from CHK ...0273 transaction#: 24454744276
2025-04-21,Chase6611_Activity_20260220.CSV:942,Chase6611_Activity_20260220,Business -> ...0273,-120.00,120.00,9725.00,Transfer,Other,Online Transfer to CHK ...0273 transaction#: 24490960654 04/21
2025-04-21,Chase6611_Activity_20260220.CSV:944,Chase6611_Activity_20260220,...0273 -> Business,200.00,-200.00,9525.00,Transfer,Other,Online Transfer from CHK ...0273 transaction#: 24486691958
2025-04-22,Chase6611_Activity_20260220.CSV:938,Chase6611_Activity_20260220,Business -> ...0273,-400.00,400.00,9925.00,Transfer,Other,Online Transfer to CHK ...0273 transaction#: 24500766917 04/22
2025-04-22,Chase6611_Activity_20260220.CSV:940,Chase6611_Activity_20260220,...0273 -> Business,200.00,-200.00,9725.00,Transfer,Other,Online Transfer from CHK ...0273 transaction#: 24497800653
2025-04-22,Chase6611_Activity_20260220.CSV:941,Chase6611_Activity_20260220,...0273 -> Business,500.00,-500.00,9225.00,Transfer,Other,Online Transfer from CHK ...0273 transaction#: 24497311793
2025-04-23,Chase6611_Activity_20260220.CSV:931,Chase6611_Activity_20260220,Business -> ...0273,-2000.00,2000.00,11225.00,Transfer,Other,Online Transfer to CHK ...0273 transaction#: 24511716876 04/23
2025-04-23,Chase6611_Activity_20260220.CSV:932,Chase6611_Activity_20260220,Business -> ...0273,-2600.00,2600.00,13825.00,Transfer,Other,Online Transfer to CHK ...0273 transaction#: 24509205021 04/23
2025-04-24,Chase6611_Activity_20260220.CSV:929,Chase6611_Activity_20260220,Business -> ...0273,-1000.00,1000.00,14825.00,Transfer,Other,Online Transfer to CHK ...0273 transaction#: 24521751940 04/24
2025-04-24,Chase6611_Activity_20260220.CSV:930,Chase6611_Activity_20260220,Business -> ...0273,-1000.00,1000.00,15825.00,Transfer,Other,Online Transfer to CHK ...0273 transaction#: 24517892630 04/24
2025-04-25,Chase6611_Activity_20260220.CSV:924,Chase6611_Activity_20260220,Business -> ...0273,-300.00,300.00,16125.00,Transfer,Other,Online Transfer to CHK ...0273 transaction#: 24535696126 04/25
2025-04-25,Chase6611_Activity_20260220.CSV:925,Chase6611_Activity_20260220,Business -> ...0273,-500.00,500.00,16625.00,Transfer,Other,Online Transfer to CHK ...0273 transaction#: 24534457989 04/25
2025-04-25,Chase6611_Activity_20260220.CSV:926,Chase6611_Activity_20260220,Business -> ...0273,-1000.00,1000.00,17625.00,Transfer,Other,Online Transfer to CHK ...0273 transaction#: 24534219893 04/25
2025-04-25,Chase6611_Activity_20260220.CSV:927,Chase6611_Activity_20260220,Business -> ...0273,-200.00,200.00,17825.00,Transfer,Other,Online Transfer to CHK ...0273 transaction#: 24533710232 04/25
2025-04-25,Chase6611_Activity_20260220.CSV:928,Chase6611_Activity_20260220,...0273 -> Business,1600.00,-1600.00,16225.00,Transfer,Other,Online Transfer from CHK ...0273 transaction#: 24529917998
2025-04-28,Chase6611_Activity_20260220.CSV:919,Chase6611_Activity_20260220,Business -> ...0273,-300.00,300.00,16525.00,Transfer,Other,Online Transfer to CHK ...0273 transaction#: 24567545286 04/28
2025-04-28,Chase6611_Activity_20260220.CSV:922,Chase6611_Activity_20260220,...0273 -> Business,300.00,-300.00,16225.00,Transfer,Other,Online Transfer from CHK ...0273 transaction#: 24563444733
2025-04-28,Chase6611_Activity_20260220.CSV:923,Chase6611_Activity_20260220,...0273 -> Business,1500.00,-1500.00,14725.00,Transfer,Other,Online Transfer from CHK ...0273 transaction#: 24563460377
2025-04-29,Chase6611_Activity_20260220.CSV:917,Chase6611_Activity_20260220,...0273 -> Business,250.00,-250.00,14475.00,Transfer,Other,Online Transfer from CHK ...0273 transaction#: 24580025554
2025-04-29,Chase6611_Activity_20260220.CSV:918,Chase6611_Activity_20260220,...0273 -> Business,300.00,-300.00,14175.00,Transfer,Other,Online Transfer from CHK ...0273 transaction#: 24574283233
2025-04-30,Chase6611_Activity_20260220.CSV:915,Chase6611_Activity_20260220,Business -> ...0273,-300.00,300.00,14475.00,Transfer,Other,Online Transfer to CHK ...0273 transaction#: 24587391508 04/30
2025-05-02,Chase6611_Activity_20260220.CSV:912,Chase6611_Activity_20260220,...0273 -> Business,1700.00,-1700.00,12775.00,Transfer,Other,Online Transfer from CHK ...0273 transaction#: 24622776088
2025-05-05,Chase6611_Activity_20260220.CSV:906,Chase6611_Activity_20260220,Business -> ...0273,-100.00,100.00,12875.00,Transfer,Other,Online Transfer to CHK ...0273 transaction#: 24658270302 05/05
2025-05-07,Chase6611_Activity_20260220.CSV:903,Chase6611_Activity_20260220,...0273 -> Business,4000.00,-4000.00,8875.00,Transfer,Other,Online Transfer from CHK ...0273 transaction#: 24679057305
2025-05-08,Chase6611_Activity_20260220.CSV:895,Chase6611_Activity_20260220,Business -> ...0273,-20.00,20.00,8895.00,Transfer,Other,Online Transfer to CHK ...0273 transaction#: 24691867669 05/08
2025-05-09,Chase6611_Activity_20260220.CSV:894,Chase6611_Activity_20260220,...0273 -> Business,2300.00,-2300.00,6595.00,Transfer,Other,Online Transfer from CHK ...0273 transaction#: 24701977765
2025-05-13,Chase6611_Activity_20260220.CSV:891,Chase6611_Activity_20260220,...0273 -> Business,1600.00,-1600.00,4995.00,Transfer,Other,Online Transfer from CHK ...0273 transaction#: 24749801864
2025-05-16,Chase6611_Activity_20260220.CSV:875,Chase6611_Activity_20260220,Business -> ...0273,-25.00,25.00,5020.00,Transfer,Other,Online Transfer to CHK ...0273 transaction#: 24792813755 05/16
2025-05-16,Chase6611_Activity_20260220.CSV:876,Chase6611_Activity_20260220,Business -> ...0273,-30.00,30.00,5050.00,Transfer,Other,Online Transfer to CHK ...0273 transaction#: 24791726412 05/16
2025-05-16,Chase6611_Activity_20260220.CSV:882,Chase6611_Activity_20260220,...0273 -> Business,300.00,-300.00,4750.00,Transfer,Other,Online Transfer from CHK ...0273 transaction#: 24789494983
2025-05-16,Chase6611_Activity_20260220.CSV:883,Chase6611_Activity_20260220,...0273 -> Business,2100.00,-2100.00,2650.00,Transfer,Other,Online Transfer from CHK ...0273 transaction#: 24786890367
2025-05-19,Chase6611_Activity_20260220.CSV:869,Chase6611_Activity_20260220,Business -> ...0273,-200.00,200.00,2850.00,Transfer,Other,Online Transfer to CHK ...0273 transaction#: 24818186375 05/19
2025-05-19,Chase6611_Activity_20260220.CSV:873,Chase6611_Activity_20260220,...0273 -> Business,200.00,-200.00,2650.00,Transfer,Other,Online Transfer from CHK ...0273 transaction#: 24805095775
2025-05-20,Chase6611_Activity_20260220.CSV:867,Chase6611_Activity_20260220,Business -> ...0273,-70.00,70.00,2720.00,Transfer,Other,Online Transfer to CHK ...0273 transaction#: 24828905375 05/20
2025-05-20,Chase6611_Activity_20260220.CSV:868,Chase6611_Activity_20260220,Business -> ...0273,-520.00,520.00,3240.00,Transfer,Other,Online Transfer to CHK ...0273 transaction#: 24828764192 05/20
2025-05-21,Chase6611_Activity_20260220.CSV:865,Chase6611_Activity_20260220,...0273 -> Business,200.00,-200.00,3040.00,Transfer,Other,Online Transfer from CHK ...0273 transaction#: 24839409759
2025-05-21,Chase6611_Activity_20260220.CSV:866,Chase6611_Activity_20260220,...0273 -> Business,300.00,-300.00,2740.00,Transfer,Other,Online Transfer from CHK ...0273 transaction#: 24839698959
2025-05-23,Chase6611_Activity_20260220.CSV:850,Chase6611_Activity_20260220,Business -> ...0273,-150.00,150.00,2890.00,Transfer,Other,Online Transfer to CHK ...0273 transaction#: 24862526585 05/23
2025-05-23,Chase6611_Activity_20260220.CSV:851,Chase6611_Activity_20260220,...0273 -> Business,500.00,-500.00,2390.00,Transfer,Other,Online Transfer from CHK ...0273 transaction#: 24867447812
2025-05-23,Chase6611_Activity_20260220.CSV:853,Chase6611_Activity_20260220,...0273 -> Business,1000.00,-1000.00,1390.00,Transfer,Other,Online Transfer from CHK ...0273 transaction#: 24863339672
2025-05-27,Chase6611_Activity_20260220.CSV:840,Chase6611_Activity_20260220,Business -> ...0273,-200.00,200.00,1590.00,Transfer,Other,Online Transfer to CHK ...0273 transaction#: 24905614286 05/27
2025-05-28,Chase6611_Activity_20260220.CSV:835,Chase6611_Activity_20260220,Business -> ...0273,-500.00,500.00,2090.00,Transfer,Other,Online Transfer to CHK ...0273 transaction#: 24920536764 05/28
2025-05-29,Chase6611_Activity_20260220.CSV:826,Chase6611_Activity_20260220,Business -> ...0273,-500.00,500.00,2590.00,Transfer,Other,Online Transfer to CHK ...0273 transaction#: 24930511921 05/29
2025-05-29,Chase6611_Activity_20260220.CSV:828,Chase6611_Activity_20260220,Business -> ...0273,-500.00,500.00,3090.00,Transfer,Other,Online Transfer to CHK ...0273 transaction#: 24927313905 05/29
2025-05-30,Chase6611_Activity_20260220.CSV:820,Chase6611_Activity_20260220,Business -> ...0273,-200.00,200.00,3290.00,Transfer,Other,Online Transfer to CHK ...0273 transaction#: 24948093042 05/30
2025-05-30,Chase6611_Activity_20260220.CSV:821,Chase6611_Activity_20260220,Business -> ...0273,-200.00,200.00,3490.00,Transfer,Other,Online Transfer to CHK ...0273 transaction#: 24945992213 05/30
2025-06-02,Chase6611_Activity_20260220.CSV:816,Chase6611_Activity_20260220,...0273 -> Business,1200.00,-1200.00,2290.00,Transfer,Other,Online Transfer from CHK ...0273 transaction#: 24981437617
2025-06-02,Chase6611_Activity_20260220.CSV:817,Chase6611_Activity_20260220,...0273 -> Business,1800.00,-1800.00,490.00,Transfer,Other,Online Transfer from CHK ...0273 transaction#: 24956850810
2025-06-05,Chase6611_Activity_20260220.CSV:811,Chase6611_Activity_20260220,Business -> ...0273,-800.00,800.00,1290.00,Transfer,Other,Online Transfer to CHK ...0273 transaction#: 25023264854 06/05
2025-06-06,Chase6611_Activity_20260220.CSV:804,Chase6611_Activity_20260220,Business -> ...0273,-1000.00,1000.00,2290.00,Transfer,Other,Online Transfer to CHK ...0273 transaction#: 25036722793 06/06
2025-06-06,Chase6611_Activity_20260220.CSV:807,Chase6611_Activity_20260220,...0273 -> Business,700.00,-700.00,1590.00,Transfer,Other,Online Transfer from CHK ...0273 transaction#: 25033549976
2025-06-06,Chase6611_Activity_20260220.CSV:808,Chase6611_Activity_20260220,...0273 -> Business,1000.00,-1000.00,590.00,Transfer,Other,Online Transfer from CHK ...0273 transaction#: 25031379928
2025-06-06,Chase6611_Activity_20260220.CSV:809,Chase6611_Activity_20260220,...0273 -> Business,1400.00,-1400.00,-810.00,Transfer,Other,Online Transfer from CHK ...0273 transaction#: 25031231942
2025-06-06,Chase6611_Activity_20260220.CSV:810,Chase6611_Activity_20260220,...0273 -> Business,4000.00,-4000.00,-4810.00,Transfer,Other,Online Transfer from CHK ...0273 transaction#: 25031118975
2025-06-09,Chase6611_Activity_20260220.CSV:801,Chase6611_Activity_20260220,Business -> ...0273,-200.00,200.00,-4610.00,Transfer,Other,Online Transfer to CHK ...0273 transaction#: 25047902180 06/09
2025-06-10,Chase6611_Activity_20260220.CSV:794,Chase6611_Activity_20260220,Business -> ...0273,-800.00,800.00,-3810.00,Transfer,Other,Online Transfer to CHK ...0273 transaction#: 25081654812 06/10
2025-06-10,Chase6611_Activity_20260220.CSV:795,Chase6611_Activity_20260220,Business -> ...0273,-2000.00,2000.00,-1810.00,Transfer,Other,Online Transfer to CHK ...0273 transaction#: 25078941241 06/10
2025-06-10,Chase6611_Activity_20260220.CSV:797,Chase6611_Activity_20260220,...0273 -> Business,1800.00,-1800.00,-3610.00,Transfer,Other,Online Transfer from CHK ...0273 transaction#: 25082142108
2025-06-13,Chase6611_Activity_20260220.CSV:784,Chase6611_Activity_20260220,Business -> ...0273,-500.00,500.00,-3110.00,Transfer,Other,Online Transfer to CHK ...0273 transaction#: 25119665908 06/13
2025-06-13,Chase6611_Activity_20260220.CSV:787,Chase6611_Activity_20260220,...0273 -> Business,200.00,-200.00,-3310.00,Transfer,Other,Online Transfer from CHK ...0273 transaction#: 25112212865
2025-06-13,Chase6611_Activity_20260220.CSV:788,Chase6611_Activity_20260220,...0273 -> Business,1000.00,-1000.00,-4310.00,Transfer,Other,Online Transfer from CHK ...0273 transaction#: 25115608129
2025-06-13,Chase6611_Activity_20260220.CSV:789,Chase6611_Activity_20260220,...0273 -> Business,3500.00,-3500.00,-7810.00,Transfer,Other,Online Transfer from CHK ...0273 transaction#: 25110904856
2025-06-16,Chase6611_Activity_20260220.CSV:777,Chase6611_Activity_20260220,Business -> ...0273,-2200.00,2200.00,-5610.00,Transfer,Other,Online Transfer to CHK ...0273 transaction#: 25149499113 06/16
2025-06-16,Chase6611_Activity_20260220.CSV:780,Chase6611_Activity_20260220,...0273 -> Business,100.00,-100.00,-5710.00,Transfer,Other,Online Transfer from CHK ...0273 transaction#: 25129742752
2025-06-17,Chase6611_Activity_20260220.CSV:776,Chase6611_Activity_20260220,...0273 -> Business,1000.00,-1000.00,-6710.00,Transfer,Other,Online Transfer from CHK ...0273 transaction#: 25162781470
2025-06-18,Chase6611_Activity_20260220.CSV:771,Chase6611_Activity_20260220,...0273 -> Business,200.00,-200.00,-6910.00,Transfer,Other,Online Transfer from CHK ...0273 transaction#: 25171417747
2025-06-20,Chase6611_Activity_20260220.CSV:765,Chase6611_Activity_20260220,Business -> ...0273,-100.00,100.00,-6810.00,Transfer,Other,Online Transfer to CHK ...0273 transaction#: 25197291790 06/20
2025-06-20,Chase6611_Activity_20260220.CSV:769,Chase6611_Activity_20260220,...0273 -> Business,200.00,-200.00,-7010.00,Transfer,Other,Online Transfer from CHK ...0273 transaction#: 25193647816
2025-06-23,Chase6611_Activity_20260220.CSV:762,Chase6611_Activity_20260220,Business -> ...0273,-300.00,300.00,-6710.00,Transfer,Other,Online Transfer to CHK ...0273 transaction#: 25230388046 06/23
2025-06-23,Chase6611_Activity_20260220.CSV:764,Chase6611_Activity_20260220,...0273 -> Business,500.00,-500.00,-7210.00,Transfer,Other,Online Transfer from CHK ...0273 transaction#: 25217517421
2025-06-25,Chase6611_Activity_20260220.CSV:760,Chase6611_Activity_20260220,Business -> ...0273,-600.00,600.00,-6610.00,Transfer,Other,Online Transfer to CHK ...0273 transaction#: 25251828494 06/25
2025-06-25,Chase6611_Activity_20260220.CSV:761,Chase6611_Activity_20260220,...0273 -> Business,4500.00,-4500.00,-11110.00,Transfer,Other,Online Transfer from CHK ...0273 transaction#: 25247392719
2025-06-30,Chase6611_Activity_20260220.CSV:740,Chase6611_Activity_20260220,Business -> ...0273,-278.62,278.62,-10831.38,Transfer,Other,Online Transfer to CHK ...0273 transaction#: 25287996799 06/30
2025-06-30,Chase6611_Activity_20260220.CSV:741,Chase6611_Activity_20260220,Business -> ...0273,-2239.32,2239.32,-8592.06,Transfer,Other,Online Transfer to CHK ...0273 transaction#: 25286965923 06/30
2025-06-30,Chase6611_Activity_20260220.CSV:742,Chase6611_Activity_20260220,Business -> ...0273,-2445.14,2445.14,-6146.92,Transfer,Other,Online Transfer to CHK ...0273 transaction#: 25285911005 06/30
2025-07-07,Chase6611_Activity_20260220.CSV:710,Chase6611_Activity_20260220,Business -> ...0273,-2000.00,2000.00,-4146.92,Transfer,Other,Online Transfer to CHK ...0273 transaction#: 25397959380 07/07
2025-07-07,Chase6611_Activity_20260220.CSV:711,Chase6611_Activity_20260220,Business -> ...0273,-2000.00,2000.00,-2146.92,Transfer,Other,Online Transfer to CHK ...0273 transaction#: 25397627537 07/07
2025-07-07,Chase6611_Activity_20260220.CSV:713,Chase6611_Activity_20260220,Business -> ...0273,-3000.00,3000.00,853.08,Transfer,Other,Online Transfer to CHK ...0273 transaction#: 25392323515 07/07
2025-07-08,Chase6611_Activity_20260220.CSV:707,Chase6611_Activity_20260220,Business -> ...0273,-10000.00,10000.00,10853.08,Transfer,Other,Online Transfer to CHK ...0273 transaction#: 25409649425 07/08
2025-07-08,Chase6611_Activity_20260220.CSV:709,Chase6611_Activity_20260220,...0273 -> Business,3200.00,-3200.00,7653.08,Transfer,Other,Online Transfer from CHK ...0273 transaction#: 25407176824
2025-07-09,Chase6611_Activity_20260220.CSV:704,Chase6611_Activity_20260220,Business -> ...0273,-500.00,500.00,8153.08,Transfer,Other,Online Transfer to CHK ...0273 transaction#: 25425873662 07/09
2025-07-09,Chase6611_Activity_20260220.CSV:705,Chase6611_Activity_20260220,Business -> ...0273,-2000.00,2000.00,10153.08,Transfer,Other,Online Transfer to CHK ...0273 transaction#: 25420273338 07/09
2025-07-10,Chase6611_Activity_20260220.CSV:696,Chase6611_Activity_20260220,Business -> ...0273,-5000.00,5000.00,15153.08,Transfer,Other,Online Transfer to CHK ...0273 transaction#: 25435716866 07/10
2025-07-10,Chase6611_Activity_20260220.CSV:702,Chase6611_Activity_20260220,...0273 -> Business,2000.00,-2000.00,13153.08,Transfer,Other,Online Transfer from CHK ...0273 transaction#: 25429926343
2025-07-11,Chase6611_Activity_20260220.CSV:694,Chase6611_Activity_20260220,...0273 -> Business,2000.00,-2000.00,11153.08,Transfer,Other,Online Transfer from CHK ...0273 transaction#: 25444924363
2025-07-14,Chase6611_Activity_20260220.CSV:691,Chase6611_Activity_20260220,Business -> ...0273,-4000.00,4000.00,15153.08,Transfer,Other,Online Transfer to CHK ...0273 transaction#: 25481825112 07/14
2025-07-16,Chase6611_Activity_20260220.CSV:684,Chase6611_Activity_20260220,Business -> ...0273,-300.00,300.00,15453.08,Transfer,Other,Online Transfer to CHK ...0273 transaction#: 25500236683 07/16
2025-07-16,Chase6611_Activity_20260220.CSV:686,Chase6611_Activity_20260220,...0273 -> Business,300.00,-300.00,15153.08,Transfer,Other,Online Transfer from CHK ...0273 transaction#: 25500993930
2025-07-17,Chase6611_Activity_20260220.CSV:683,Chase6611_Activity_20260220,...0273 -> Business,400.00,-400.00,14753.08,Transfer,Other,Online Transfer from CHK ...0273 transaction#: 25512472832
2025-07-18,Chase6611_Activity_20260220.CSV:678,Chase6611_Activity_20260220,Business -> ...0273,-1000.00,1000.00,15753.08,Transfer,Other,Online Transfer to CHK ...0273 transaction#: 25533224342 07/18
2025-07-21,Chase6611_Activity_20260220.CSV:674,Chase6611_Activity_20260220,Business -> ...0273,-2000.00,2000.00,17753.08,Transfer,Other,Online Transfer to CHK ...0273 transaction#: 25559941618 07/21
2025-07-22,Chase6611_Activity_20260220.CSV:668,Chase6611_Activity_20260220,Business -> ...0273,-100.00,100.00,17853.08,Transfer,Other,Online Transfer to CHK ...0273 transaction#: 25569560300 07/22
2025-07-23,Chase6611_Activity_20260220.CSV:665,Chase6611_Activity_20260220,Business -> ...0273,-1000.00,1000.00,18853.08,Transfer,Other,Online Transfer to CHK ...0273 transaction#: 25582605811 07/23
2025-07-23,Chase6611_Activity_20260220.CSV:666,Chase6611_Activity_20260220,Business -> ...0273,-2000.00,2000.00,20853.08,Transfer,Other,Online Transfer to CHK ...0273 transaction#: 25581927272 07/23
2025-07-24,Chase6611_Activity_20260220.CSV:660,Chase6611_Activity_20260220,Business -> ...0273,-2000.00,2000.00,22853.08,Transfer,Other,Online Transfer to CHK ...0273 transaction#: 25593223853 07/24
2025-07-25,Chase6611_Activity_20260220.CSV:658,Chase6611_Activity_20260220,Business -> ...0273,-2200.00,2200.00,25053.08,Transfer,Other,Online Transfer to CHK ...0273 transaction#: 25603305174 07/25
2025-07-28,Chase6611_Activity_20260220.CSV:654,Chase6611_Activity_20260220,Business -> ...0273,-1000.00,1000.00,26053.08,Transfer,Other,Online Transfer to CHK ...0273 transaction#: 25627451158 07/28
2025-07-28,Chase6611_Activity_20260220.CSV:657,Chase6611_Activity_20260220,...0273 -> Business,1500.00,-1500.00,24553.08,Transfer,Other,Online Transfer from CHK ...0273 transaction#: 25635822160
2025-07-31,Chase6611_Activity_20260220.CSV:647,Chase6611_Activity_20260220,Business -> ...0273,-400.00,400.00,24953.08,Transfer,Other,Online Transfer to CHK ...0273 transaction#: 25675559832 07/31
2025-07-31,Chase6611_Activity_20260220.CSV:649,Chase6611_Activity_20260220,...0273 -> Business,1600.00,-1600.00,23353.08,Transfer,Other,Online Transfer from CHK ...0273 transaction#: 25668159440
2025-08-01,Chase6611_Activity_20260220.CSV:644,Chase6611_Activity_20260220,Business -> ...0273,-200.00,200.00,23553.08,Transfer,Other,Online Transfer to CHK ...0273 transaction#: 25690513019 08/01
2025-08-01,Chase6611_Activity_20260220.CSV:645,Chase6611_Activity_20260220,...0273 -> Business,200.00,-200.00,23353.08,Transfer,Other,Online Transfer from CHK ...0273 transaction#: 25685562596
2025-08-04,Chase6611_Activity_20260220.CSV:641,Chase6611_Activity_20260220,...0273 -> Business,1000.00,-1000.00,22353.08,Transfer,Other,Online Transfer from CHK ...0273 transaction#: 25728438031
2025-08-04,Chase6611_Activity_20260220.CSV:642,Chase6611_Activity_20260220,...0273 -> Business,1200.00,-1200.00,21153.08,Transfer,Other,Online Transfer from CHK ...0273 transaction#: 25726949739
2025-08-05,Chase6611_Activity_20260220.CSV:632,Chase6611_Activity_20260220,Business -> ...0273,-400.00,400.00,21553.08,Transfer,Other,Online Transfer to CHK ...0273 transaction#: 25746667502 08/05
2025-08-06,Chase6611_Activity_20260220.CSV:628,Chase6611_Activity_20260220,Business -> ...0273,-200.00,200.00,21753.08,Transfer,Other,Online Transfer to CHK ...0273 transaction#: 25757342396 08/06
2025-08-06,Chase6611_Activity_20260220.CSV:629,Chase6611_Activity_20260220,Business -> ...0273,-1000.00,1000.00,22753.08,Transfer,Other,Online Transfer to CHK ...0273 transaction#: 25755633264 08/06
2025-08-06,Chase6611_Activity_20260220.CSV:630,Chase6611_Activity_20260220,Business -> ...0273,-1000.00,1000.00,23753.08,Transfer,Other,Online Transfer to CHK ...0273 transaction#: 25754563956 08/06
2025-08-06,Chase6611_Activity_20260220.CSV:631,Chase6611_Activity_20260220,Business -> ...0273,-1000.00,1000.00,24753.08,Transfer,Other,Online Transfer to CHK ...0273 transaction#: 25754383491 08/06
2025-08-07,Chase6611_Activity_20260220.CSV:627,Chase6611_Activity_20260220,...0273 -> Business,3200.00,-3200.00,21553.08,Transfer,Other,Online Transfer from CHK ...0273 transaction#: 25769409495
2025-08-08,Chase6611_Activity_20260220.CSV:625,Chase6611_Activity_20260220,...0273 -> Business,58.51,-58.51,21494.57,Transfer,Other,Online Transfer from CHK ...0273 transaction#: 25777782522
2025-08-13,Chase6611_Activity_20260220.CSV:617,Chase6611_Activity_20260220,Business -> ...0273,-4000.00,4000.00,25494.57,Transfer,Other,Online Transfer to CHK ...0273 transaction#: 25834081715 08/13
2025-08-15,Chase6611_Activity_20260220.CSV:611,Chase6611_Activity_20260220,Business -> ...0273,-10000.00,10000.00,35494.57,Transfer,Other,Online Transfer to CHK ...0273 transaction#: 25857279946 08/15
2025-08-18,Chase6611_Activity_20260220.CSV:610,Chase6611_Activity_20260220,Business -> ...0273,-4000.00,4000.00,39494.57,Transfer,Other,Online Transfer to CHK ...0273 transaction#: 25873727255 08/18
2025-08-19,Chase6611_Activity_20260220.CSV:605,Chase6611_Activity_20260220,Business -> ...0273,-6200.00,6200.00,45694.57,Transfer,Other,Online Transfer to CHK ...0273 transaction#: 25905233869 08/19
2025-08-20,Chase6611_Activity_20260220.CSV:601,Chase6611_Activity_20260220,Business -> ...0273,-1000.00,1000.00,46694.57,Transfer,Other,Online Transfer to CHK ...0273 transaction#: 25918062213 08/20
2025-08-25,Chase6611_Activity_20260220.CSV:591,Chase6611_Activity_20260220,Business -> ...0273,-1000.00,1000.00,47694.57,Transfer,Other,Online Transfer to CHK ...0273 transaction#: 25964168284 08/25
2025-08-26,Chase6611_Activity_20260220.CSV:590,Chase6611_Activity_20260220,Business -> ...0273,-2000.00,2000.00,49694.57,Transfer,Other,Online Transfer to CHK ...0273 transaction#: 25985081986 08/26
2025-08-27,Chase6611_Activity_20260220.CSV:587,Chase6611_Activity_20260220,...0273 -> Business,200.00,-200.00,49494.57,Transfer,Other,Online Transfer from CHK ...0273 transaction#: 25993552057
2025-08-28,Chase6611_Activity_20260220.CSV:583,Chase6611_Activity_20260220,Business -> ...0273,-1000.00,1000.00,50494.57,Transfer,Other,Online Transfer to CHK ...0273 transaction#: 26010877444 08/28
2025-08-28,Chase6611_Activity_20260220.CSV:584,Chase6611_Activity_20260220,Business -> ...0273,-500.00,500.00,50994.57,Transfer,Other,Online Transfer to CHK ...0273 transaction#: 26007887678 08/28
2025-08-28,Chase6611_Activity_20260220.CSV:586,Chase6611_Activity_20260220,...0273 -> Business,1800.00,-1800.00,49194.57,Transfer,Other,Online Transfer from CHK ...0273 transaction#: 26008090301
2025-08-29,Chase6611_Activity_20260220.CSV:580,Chase6611_Activity_20260220,Business -> ...0273,-500.00,500.00,49694.57,Transfer,Other,Online Transfer to CHK ...0273 transaction#: 26027841036 08/29
2025-08-29,Chase6611_Activity_20260220.CSV:581,Chase6611_Activity_20260220,Business -> ...0273,-300.00,300.00,49994.57,Transfer,Other,Online Transfer to CHK ...0273 transaction#: 26023667610 08/29
2025-09-02,Chase6611_Activity_20260220.CSV:575,Chase6611_Activity_20260220,Business -> ...0273,-1000.00,1000.00,50994.57,Transfer,Other,Online Transfer to CHK ...0273 transaction#: 26076523401 09/02
2025-09-03,Chase6611_Activity_20260220.CSV:573,Chase6611_Activity_20260220,Business -> ...0273,-200.00,200.00,51194.57,Transfer,Other,Online Transfer to CHK ...0273 transaction#: 26086161660 09/03
2025-09-04,Chase6611_Activity_20260220.CSV:571,Chase6611_Activity_20260220,Business -> ...0273,-400.00,400.00,51594.57,Transfer,Other,Online Transfer to CHK ...0273 transaction#: 26096664849 09/04
2025-09-05,Chase6611_Activity_20260220.CSV:568,Chase6611_Activity_20260220,...0273 -> Business,5000.00,-5000.00,46594.57,Transfer,Other,Online Transfer from CHK ...0273 transaction#: 26110636404
2025-09-08,Chase6611_Activity_20260220.CSV:564,Chase6611_Activity_20260220,Business -> ...0273,-1000.00,1000.00,47594.57,Transfer,Other,Online Transfer to CHK ...0273 transaction#: 26150043521 09/08
2025-09-10,Chase6611_Activity_20260220.CSV:560,Chase6611_Activity_20260220,Business -> ...0273,-1000.00,1000.00,48594.57,Transfer,Other,Online Transfer to CHK ...0273 transaction#: 26171855478 09/10
2025-09-12,Chase6611_Activity_20260220.CSV:555,Chase6611_Activity_20260220,Business -> ...0273,-1000.00,1000.00,49594.57,Transfer,Other,Online Transfer to CHK ...0273 transaction#: 26201932291 09/12
2025-09-15,Chase6611_Activity_20260220.CSV:551,Chase6611_Activity_20260220,Business -> ...0273,-1000.00,1000.00,50594.57,Transfer,Other,Online Transfer to CHK ...0273 transaction#: 26235303161 09/15
2025-09-15,Chase6611_Activity_20260220.CSV:552,Chase6611_Activity_20260220,Business -> ...0273,-300.00,300.00,50894.57,Transfer,Other,Online Transfer to CHK ...0273 transaction#: 26231021927 09/15
2025-09-17,Chase6611_Activity_20260220.CSV:545,Chase6611_Activity_20260220,Business -> ...0273,-1000.00,1000.00,51894.57,Transfer,Other,Online Transfer to CHK ...0273 transaction#: 26256599199 09/17
2025-09-17,Chase6611_Activity_20260220.CSV:546,Chase6611_Activity_20260220,Business -> ...0273,-400.00,400.00,52294.57,Transfer,Other,Online Transfer to CHK ...0273 transaction#: 26254172143 09/17
2025-09-19,Chase6611_Activity_20260220.CSV:537,Chase6611_Activity_20260220,Business -> ...0273,-500.00,500.00,52794.57,Transfer,Other,Online Transfer to CHK ...0273 transaction#: 26282269954 09/19
2025-09-22,Chase6611_Activity_20260220.CSV:529,Chase6611_Activity_20260220,Business -> ...0273,-500.00,500.00,53294.57,Transfer,Other,Online Transfer to CHK ...0273 transaction#: 26316622737 09/22
2025-09-22,Chase6611_Activity_20260220.CSV:534,Chase6611_Activity_20260220,...0273 -> Business,100.00,-100.00,53194.57,Transfer,Other,Online Transfer from CHK ...0273 transaction#: 26312772344
2025-09-24,Chase6611_Activity_20260220.CSV:525,Chase6611_Activity_20260220,Business -> ...0273,-200.00,200.00,53394.57,Transfer,Other,Online Transfer to CHK ...0273 transaction#: 26334114573 09/24
2025-09-25,Chase6611_Activity_20260220.CSV:521,Chase6611_Activity_20260220,Business -> ...0273,-1000.00,1000.00,54394.57,Transfer,Other,Online Transfer to CHK ...0273 transaction#: 26346459476 09/25
2025-09-25,Chase6611_Activity_20260220.CSV:522,Chase6611_Activity_20260220,Business -> ...0273,-1000.00,1000.00,55394.57,Transfer,Other,Online Transfer to CHK ...0273 transaction#: 26345757899 09/25
2025-09-26,Chase6611_Activity_20260220.CSV:516,Chase6611_Activity_20260220,Business -> ...0273,-2000.00,2000.00,57394.57,Transfer,Other,Online Transfer to CHK ...0273 transaction#: 26360331109 09/26
2025-09-26,Chase6611_Activity_20260220.CSV:518,Chase6611_Activity_20260220,Business -> ...0273,-3000.00,3000.00,60394.57,Transfer,Other,Online Transfer to CHK ...0273 transaction#: 26358115316 09/26
2025-09-26,Chase6611_Activity_20260220.CSV:519,Chase6611_Activity_20260220,Business -> ...0273,-5000.00,5000.00,65394.57,Transfer,Other,Online Transfer to CHK ...0273 transaction#: 26357787383 09/26
2025-09-29,Chase6611_Activity_20260220.CSV:508,Chase6611_Activity_20260220,Business -> ...0273,-4000.00,4000.00,69394.57,Transfer,Other,Online Transfer to CHK ...0273 transaction#: 26392253451 09/29
2025-09-29,Chase6611_Activity_20260220.CSV:511,Chase6611_Activity_20260220,Business -> ...0273,-2000.00,2000.00,71394.57,Transfer,Other,Online Transfer to CHK ...0273 transaction#: 26390220149 09/29
2025-09-29,Chase6611_Activity_20260220.CSV:514,Chase6611_Activity_20260220,...0273 -> Business,4000.00,-4000.00,67394.57,Transfer,Other,Online Transfer from CHK ...0273 transaction#: 26393421516
2025-09-30,Chase6611_Activity_20260220.CSV:505,Chase6611_Activity_20260220,Business -> ...0273,-2000.00,2000.00,69394.57,Transfer,Other,Online Transfer to CHK ...0273 transaction#: 26408693977 09/30
2025-10-02,Chase6611_Activity_20260220.CSV:499,Chase6611_Activity_20260220,Business -> ...0273,-30000.00,30000.00,99394.57,Transfer,Other,Online Transfer to CHK ...0273 transaction#: 26436342997 10/02
2025-10-03,Chase6611_Activity_20260220.CSV:495,Chase6611_Activity_20260220,Business -> ...0273,-1000.00,1000.00,100394.57,Transfer,Other,Online Transfer to CHK ...0273 transaction#: 26448571666 10/03
2025-10-03,Chase6611_Activity_20260220.CSV:497,Chase6611_Activity_20260220,...0273 -> Business,3500.00,-3500.00,96894.57,Transfer,Other,Online Transfer from CHK ...0273 transaction#: 26461356359
2025-10-06,Chase6611_Activity_20260220.CSV:480,Chase6611_Activity_20260220,Business -> ...0273,-4000.00,4000.00,100894.57,Transfer,Other,Online Transfer to CHK ...0273 transaction#: 26492343308 10/06
2025-10-06,Chase6611_Activity_20260220.CSV:481,Chase6611_Activity_20260220,Business -> ...0273,-5000.00,5000.00,105894.57,Transfer,Other,Online Transfer to CHK ...0273 transaction#: 26487866913 10/06
2025-10-06,Chase6611_Activity_20260220.CSV:482,Chase6611_Activity_20260220,Business -> ...0273,-4000.00,4000.00,109894.57,Transfer,Other,Online Transfer to CHK ...0273 transaction#: 26478911675 10/06
2025-10-06,Chase6611_Activity_20260220.CSV:485,Chase6611_Activity_20260220,...0273 -> Business,3000.00,-3000.00,106894.57,Transfer,Other,Online Transfer from CHK ...0273 transaction#: 26478899125
2025-10-06,Chase6611_Activity_20260220.CSV:486,Chase6611_Activity_20260220,...0273 -> Business,3000.00,-3000.00,103894.57,Transfer,Other,Online Transfer from CHK ...0273 transaction#: 26467746435
2025-10-08,Chase6611_Activity_20260220.CSV:472,Chase6611_Activity_20260220,Business -> ...0273,-5000.00,5000.00,108894.57,Transfer,Other,Online Transfer to CHK ...0273 transaction#: 26513402282 10/08
2025-10-10,Chase6611_Activity_20260220.CSV:462,Chase6611_Activity_20260220,Business -> ...0273,-1000.00,1000.00,109894.57,Transfer,Other,Online Transfer to CHK ...0273 transaction#: 26541154366 10/10
2025-10-10,Chase6611_Activity_20260220.CSV:463,Chase6611_Activity_20260220,Business -> ...0273,-8000.00,8000.00,117894.57,Transfer,Other,Online Transfer to CHK ...0273 transaction#: 26539793036 10/10
2025-10-10,Chase6611_Activity_20260220.CSV:465,Chase6611_Activity_20260220,Business -> ...0273,-3000.00,3000.00,120894.57,Transfer,Other,Online Transfer to CHK ...0273 transaction#: 26534729302 10/10
2025-10-14,Chase6611_Activity_20260220.CSV:458,Chase6611_Activity_20260220,Business -> ...0273,-400.00,400.00,121294.57,Transfer,Other,Online Transfer to CHK ...0273 transaction#: 26552566889 10/14
2025-10-14,Chase6611_Activity_20260220.CSV:460,Chase6611_Activity_20260220,...0273 -> Business,1000.00,-1000.00,120294.57,Transfer,Other,Online Transfer from CHK ...0273 transaction#: 26579949795
2025-10-15,Chase6611_Activity_20260220.CSV:456,Chase6611_Activity_20260220,...0273 -> Business,8000.00,-8000.00,112294.57,Transfer,Other,Online Transfer from CHK ...0273 transaction#: 26597793225
2025-10-16,Chase6611_Activity_20260220.CSV:446,Chase6611_Activity_20260220,Business -> ...0273,-300.00,300.00,112594.57,Transfer,Other,Online Transfer to CHK ...0273 transaction#: 26610773008 10/16
2025-10-16,Chase6611_Activity_20260220.CSV:447,Chase6611_Activity_20260220,Business -> ...0273,-1000.00,1000.00,113594.57,Transfer,Other,Online Transfer to CHK ...0273 transaction#: 26607629016 10/16
2025-10-16,Chase6611_Activity_20260220.CSV:452,Chase6611_Activity_20260220,Business -> ...0273,-2000.00,2000.00,115594.57,Transfer,Other,Online Transfer to CHK ...0273 transaction#: 26603911396 10/16
2025-10-16,Chase6611_Activity_20260220.CSV:453,Chase6611_Activity_20260220,...0273 -> Business,1000.00,-1000.00,114594.57,Transfer,Other,Online Transfer from CHK ...0273 transaction#: 26604233953
2025-10-16,Chase6611_Activity_20260220.CSV:454,Chase6611_Activity_20260220,...0273 -> Business,1000.00,-1000.00,113594.57,Transfer,Other,Online Transfer from CHK ...0273 transaction#: 26604233532
2025-10-20,Chase6611_Activity_20260220.CSV:442,Chase6611_Activity_20260220,Business -> ...0273,-200.00,200.00,113794.57,Transfer,Other,Online Transfer to CHK ...0273 transaction#: 26648137706 10/20
2025-10-22,Chase6611_Activity_20260220.CSV:437,Chase6611_Activity_20260220,...0273 -> Business,1200.00,-1200.00,112594.57,Transfer,Other,Online Transfer from CHK ...0273 transaction#: 26677221839
2025-10-27,Chase6611_Activity_20260220.CSV:425,Chase6611_Activity_20260220,Business -> ...0273,-2000.00,2000.00,114594.57,Transfer,Other,Online Transfer to CHK ...0273 transaction#: 26734430366 10/27
2025-10-27,Chase6611_Activity_20260220.CSV:426,Chase6611_Activity_20260220,Business -> ...0273,-5000.00,5000.00,119594.57,Transfer,Other,Online Transfer to CHK ...0273 transaction#: 26731923156 10/27
2025-10-27,Chase6611_Activity_20260220.CSV:428,Chase6611_Activity_20260220,Business -> ...0273,-4500.00,4500.00,124094.57,Transfer,Other,Online Transfer to CHK ...0273 transaction#: 26718371425 10/27
2025-10-27,Chase6611_Activity_20260220.CSV:429,Chase6611_Activity_20260220,Business -> ...0273,-500.00,500.00,124594.57,Transfer,Other,Online Transfer to CHK ...0273 transaction#: 26718362078 10/27
2025-10-28,Chase6611_Activity_20260220.CSV:422,Chase6611_Activity_20260220,Business -> ...0273,-1000.00,1000.00,125594.57,Transfer,Other,Online Transfer to CHK ...0273 transaction#: 26744602234 10/28
2025-10-29,Chase6611_Activity_20260220.CSV:421,Chase6611_Activity_20260220,...0273 -> Business,8000.00,-8000.00,117594.57,Transfer,Other,Online Transfer from CHK ...0273 transaction#: 26758678046
2025-10-31,Chase6611_Activity_20260220.CSV:411,Chase6611_Activity_20260220,Business -> ...0273,-500.00,500.00,118094.57,Transfer,Other,Online Transfer to CHK ...0273 transaction#: 26785678379 10/31
2025-11-10,Chase6611_Activity_20260220.CSV:385,Chase6611_Activity_20260220,Business -> ...0273,-500.00,500.00,118594.57,Transfer,Other,Online Transfer to CHK ...0273 transaction#: 26892558784 11/10
2025-11-10,Chase6611_Activity_20260220.CSV:386,Chase6611_Activity_20260220,Business -> ...0273,-400.00,400.00,118994.57,Transfer,Other,Online Transfer to CHK ...0273 transaction#: 26892144418 11/10
2025-11-12,Chase6611_Activity_20260220.CSV:376,Chase6611_Activity_20260220,Business -> ...0273,-500.00,500.00,119494.57,Transfer,Other,Online Transfer to CHK ...0273 transaction#: 26937213603 11/12
2025-11-12,Chase6611_Activity_20260220.CSV:377,Chase6611_Activity_20260220,Business -> ...0273,-1000.00,1000.00,120494.57,Transfer,Other,Online Transfer to CHK ...0273 transaction#: 26933508937 11/12
2025-11-12,Chase6611_Activity_20260220.CSV:381,Chase6611_Activity_20260220,...0273 -> Business,400.00,-400.00,120094.57,Transfer,Other,Online Transfer from CHK ...0273 transaction#: 26920783870
2025-11-12,Chase6611_Activity_20260220.CSV:382,Chase6611_Activity_20260220,...0273 -> Business,800.00,-800.00,119294.57,Transfer,Other,Online Transfer from CHK ...0273 transaction#: 26937221400
2025-11-12,Chase6611_Activity_20260220.CSV:383,Chase6611_Activity_20260220,...0273 -> Business,1000.00,-1000.00,118294.57,Transfer,Other,Online Transfer from CHK ...0273 transaction#: 26924867410
2025-11-13,Chase6611_Activity_20260220.CSV:373,Chase6611_Activity_20260220,...0273 -> Business,100.00,-100.00,118194.57,Transfer,Other,Online Transfer from CHK ...0273 transaction#: 26940492468
2025-11-13,Chase6611_Activity_20260220.CSV:374,Chase6611_Activity_20260220,...0273 -> Business,2000.00,-2000.00,116194.57,Transfer,Other,Online Transfer from CHK ...0273 transaction#: 26944634547
2025-11-14,Chase6611_Activity_20260220.CSV:358,Chase6611_Activity_20260220,Business -> ...0273,-500.00,500.00,116694.57,Transfer,Other,Online Transfer to CHK ...0273 transaction#: 26960290714 11/14
2025-11-14,Chase6611_Activity_20260220.CSV:364,Chase6611_Activity_20260220,...0273 -> Business,500.00,-500.00,116194.57,Transfer,Other,Online Transfer from CHK ...0273 transaction#: 26953396530
2025-11-14,Chase6611_Activity_20260220.CSV:365,Chase6611_Activity_20260220,...0273 -> Business,800.00,-800.00,115394.57,Transfer,Other,Online Transfer from CHK ...0273 transaction#: 26958399757
2025-11-14,Chase6611_Activity_20260220.CSV:366,Chase6611_Activity_20260220,...0273 -> Business,1000.00,-1000.00,114394.57,Transfer,Other,Online Transfer from CHK ...0273 transaction#: 26959170982
2025-11-14,Chase6611_Activity_20260220.CSV:367,Chase6611_Activity_20260220,...0273 -> Business,1200.00,-1200.00,113194.57,Transfer,Other,Online Transfer from CHK ...0273 transaction#: 26953321943
2025-11-17,Chase6611_Activity_20260220.CSV:344,Chase6611_Activity_20260220,Business -> ...0273,-3000.00,3000.00,116194.57,Transfer,Other,Online Transfer to CHK ...0273 transaction#: 26995029835 11/17
2025-11-17,Chase6611_Activity_20260220.CSV:350,Chase6611_Activity_20260220,Business -> ...0273,-50.00,50.00,116244.57,Transfer,Other,Online Transfer to CHK ...0273 transaction#: 26983174959 11/17
2025-11-17,Chase6611_Activity_20260220.CSV:351,Chase6611_Activity_20260220,Business -> ...0273,-20.00,20.00,116264.57,Transfer,Other,Online Transfer to CHK ...0273 transaction#: 26971647603 11/17
2025-11-18,Chase6611_Activity_20260220.CSV:335,Chase6611_Activity_20260220,Business -> ...0273,-10000.00,10000.00,126264.57,Transfer,Other,Online Transfer to CHK ...0273 transaction#: 27008022242 11/18
2025-11-18,Chase6611_Activity_20260220.CSV:336,Chase6611_Activity_20260220,Business -> ...0273,-1000.00,1000.00,127264.57,Transfer,Other,Online Transfer to CHK ...0273 transaction#: 27007186735 11/18
2025-11-18,Chase6611_Activity_20260220.CSV:340,Chase6611_Activity_20260220,...0273 -> Business,1500.00,-1500.00,125764.57,Transfer,Other,Online Transfer from CHK ...0273 transaction#: 27005394695
2025-11-20,Chase6611_Activity_20260220.CSV:324,Chase6611_Activity_20260220,...0273 -> Business,4000.00,-4000.00,121764.57,Transfer,Other,Online Transfer from CHK ...0273 transaction#: 27029149004
2025-11-21,Chase6611_Activity_20260220.CSV:314,Chase6611_Activity_20260220,...0273 -> Business,2000.00,-2000.00,119764.57,Transfer,Other,Online Transfer from CHK ...0273 transaction#: 27048204917
2025-11-21,Chase6611_Activity_20260220.CSV:315,Chase6611_Activity_20260220,...0273 -> Business,4000.00,-4000.00,115764.57,Transfer,Other,Online Transfer from CHK ...0273 transaction#: 27040961103
2025-11-25,Chase6611_Activity_20260220.CSV:307,Chase6611_Activity_20260220,Business -> ...0273,-500.00,500.00,116264.57,Transfer,Other,Online Transfer to CHK ...0273 transaction#: 27090593348 11/25
2025-11-26,Chase6611_Activity_20260220.CSV:300,Chase6611_Activity_20260220,Business -> ...0273,-709.47,709.47,116974.04,Transfer,Other,Online Transfer to CHK ...0273 transaction#: 27099661238 11/26
2025-11-26,Chase6611_Activity_20260220.CSV:306,Chase6611_Activity_20260220,...0273 -> Business,1000.00,-1000.00,115974.04,Transfer,Other,Online Transfer from CHK ...0273 transaction#: 27096723248
2025-11-28,Chase6611_Activity_20260220.CSV:294,Chase6611_Activity_20260220,Business -> ...0273,-500.00,500.00,116474.04,Transfer,Other,Online Transfer to CHK ...0273 transaction#: 27128024681 11/28
2025-12-01,Chase6611_Activity_20260220.CSV:287,Chase6611_Activity_20260220,Business -> ...0273,-240.00,240.00,116714.04,Transfer,Other,Online Transfer to CHK ...0273 transaction#: 27146906229 12/01
2025-12-01,Chase6611_Activity_20260220.CSV:288,Chase6611_Activity_20260220,Business -> ...0273,-500.00,500.00,117214.04,Transfer,Other,Online Transfer to CHK ...0273 transaction#: 27134327929 12/01
2025-12-01,Chase6611_Activity_20260220.CSV:289,Chase6611_Activity_20260220,Business -> ...0273,-400.00,400.00,117614.04,Transfer,Other,Online Transfer to CHK ...0273 transaction#: 27134249870 12/01
2025-12-01,Chase6611_Activity_20260220.CSV:290,Chase6611_Activity_20260220,Business -> ...0273,-2500.00,2500.00,120114.04,Transfer,Other,Online Transfer to CHK ...0273 transaction#: 27133934127 12/01
2025-12-02,Chase6611_Activity_20260220.CSV:280,Chase6611_Activity_20260220,Business -> ...0273,-4000.00,4000.00,124114.04,Transfer,Other,Online Transfer to CHK ...0273 transaction#: 27183260006 12/02
2025-12-02,Chase6611_Activity_20260220.CSV:283,Chase6611_Activity_20260220,...0273 -> Business,1500.00,-1500.00,122614.04,Transfer,Other,Online Transfer from CHK ...0273 transaction#: 27173204344
2025-12-03,Chase6611_Activity_20260220.CSV:272,Chase6611_Activity_20260220,Business -> ...0273,-856.00,856.00,123470.04,Transfer,Other,Online Transfer to CHK ...0273 transaction#: 27187714629 12/03
2025-12-04,Chase6611_Activity_20260220.CSV:262,Chase6611_Activity_20260220,Business -> ...0273,-2000.00,2000.00,125470.04,Transfer,Other,Online Transfer to CHK ...0273 transaction#: 27206531567 12/04
2025-12-04,Chase6611_Activity_20260220.CSV:263,Chase6611_Activity_20260220,Business -> ...0273,-2000.00,2000.00,127470.04,Transfer,Other,Online Transfer to CHK ...0273 transaction#: 27204645493 12/04
2025-12-04,Chase6611_Activity_20260220.CSV:264,Chase6611_Activity_20260220,Business -> ...0273,-600.00,600.00,128070.04,Transfer,Other,Online Transfer to CHK ...0273 transaction#: 27203313416 12/04
2025-12-04,Chase6611_Activity_20260220.CSV:269,Chase6611_Activity_20260220,Business -> ...0273,-2500.00,2500.00,130570.04,Transfer,Other,Online Transfer to CHK ...0273 transaction#: 27197760407 12/04
2025-12-04,Chase6611_Activity_20260220.CSV:271,Chase6611_Activity_20260220,...0273 -> Business,4000.00,-4000.00,126570.04,Transfer,Other,Online Transfer from CHK ...0273 transaction#: 27199039343
2025-12-09,Chase6611_Activity_20260220.CSV:254,Chase6611_Activity_20260220,Business -> ...0273,-1200.00,1200.00,127770.04,Transfer,Other,Online Transfer to CHK ...0273 transaction#: 27262091963 12/09
2025-12-12,Chase6611_Activity_20260220.CSV:249,Chase6611_Activity_20260220,...0273 -> Business,400.00,-400.00,127370.04,Transfer,Other,Online Transfer from CHK ...0273 transaction#: 27301346092
2025-12-16,Chase6611_Activity_20260220.CSV:239,Chase6611_Activity_20260220,Business -> ...0273,-600.00,600.00,127970.04,Transfer,Other,Online Transfer to CHK ...0273 transaction#: 27347256204 12/16
2025-12-17,Chase6611_Activity_20260220.CSV:233,Chase6611_Activity_20260220,Business -> ...0273,-300.00,300.00,128270.04,Transfer,Other,Online Transfer to CHK ...0273 transaction#: 27360798720 12/17
2025-12-17,Chase6611_Activity_20260220.CSV:238,Chase6611_Activity_20260220,...0273 -> Business,1500.00,-1500.00,126770.04,Transfer,Other,Online Transfer from CHK ...0273 transaction#: 27364462616
2025-12-18,Chase6611_Activity_20260220.CSV:222,Chase6611_Activity_20260220,Business -> ...0273,-2000.00,2000.00,128770.04,Transfer,Other,Online Transfer to CHK ...0273 transaction#: 27375001948 12/18
2025-12-18,Chase6611_Activity_20260220.CSV:229,Chase6611_Activity_20260220,...0273 -> Business,400.00,-400.00,128370.04,Transfer,Other,Online Transfer from CHK ...0273 transaction#: 27370620562
2025-12-22,Chase6611_Activity_20260220.CSV:202,Chase6611_Activity_20260220,Business -> ...0273,-5000.00,5000.00,133370.04,Transfer,Other,Online Transfer to CHK ...0273 transaction#: 27421003857 12/22
2025-12-22,Chase6611_Activity_20260220.CSV:203,Chase6611_Activity_20260220,Business -> ...0273,-709.47,709.47,134079.51,Transfer,Other,Online Transfer to CHK ...0273 transaction#: 27413221166 12/22
2025-12-22,Chase6611_Activity_20260220.CSV:204,Chase6611_Activity_20260220,Business -> ...0273,-709.47,709.47,134788.98,Transfer,Other,Online Transfer to CHK ...0273 transaction#: 27413188127 12/22
2025-12-22,Chase6611_Activity_20260220.CSV:211,Chase6611_Activity_20260220,...0273 -> Business,4000.00,-4000.00,130788.98,Transfer,Other,Online Transfer from CHK ...0273 transaction#: 27421298258
2025-12-26,Chase6611_Activity_20260220.CSV:185,Chase6611_Activity_20260220,Business -> ...0273,-2000.00,2000.00,132788.98,Transfer,Other,Online Transfer to CHK ...0273 transaction#: 27473035709 12/26
2025-12-30,Chase6611_Activity_20260220.CSV:172,Chase6611_Activity_20260220,Business -> ...0273,-10000.00,10000.00,142788.98,Transfer,Other,Online Transfer to CHK ...0273 transaction#: 27512693216 12/30
